Empty Label Element div[1],//html/body/div/div[1]
Empty Label Element div[1],//html/body/div/div[1]/div[1]
Label Element a,//html/body/div/div[1]/div[1]/a
alt: logo,//html/body/div/div[1]/div[1]/a/img
Empty Label Element div[2],//html/body/div/div[1]/div[2]
Empty Label Element div[1],//html/body/div/div[1]/div[2]/div[1]
Empty Label Element ul,//html/body/div/div[1]/div[2]/div[1]/ul
Label Element li[1],//html/body/div/div[1]/div[2]/div[1]/ul/li[1]
Degalø kainos,//html/body/div/div[1]/div[2]/div[1]/ul/li[1]/a
Label Element li[2],//html/body/div/div[1]/div[2]/div[1]/ul/li[2]
Statistika,//html/body/div/div[1]/div[2]/div[1]/ul/li[2]/a
Label Element li[3],//html/body/div/div[1]/div[2]/div[1]/ul/li[3]
Straipsniai,//html/body/div/div[1]/div[2]/div[1]/ul/li[3]/a
Label Element li[4],//html/body/div/div[1]/div[2]/div[1]/ul/li[4]
Apie mus,//html/body/div/div[1]/div[2]/div[1]/ul/li[4]/a
Label Element li[5],//html/body/div/div[1]/div[2]/div[1]/ul/li[5]
Bendradarbiavimas,//html/body/div/div[1]/div[2]/div[1]/ul/li[5]/a
Empty Label Element div[2],//html/body/div/div[1]/div[2]/div[2]
Label Element div[1],//html/body/div/div[1]/div[2]/div[2]/div[1]
Empty Label Element ul,//html/body/div/div[1]/div[2]/div[2]/ul
Label Element li[1],//html/body/div/div[1]/div[2]/div[2]/ul/li[1]
Degalø kainos Lietuvoje,//html/body/div/div[1]/div[2]/div[2]/ul/li[1]/a
Label Element li[2],//html/body/div/div[1]/div[2]/div[2]/ul/li[2]
 | Maþiausios kainos Lietuvoje,//html/body/div/div[1]/div[2]/div[2]/ul/li[2]/a
Label Element li[3],//html/body/div/div[1]/div[2]/div[2]/ul/li[3]
 | Degalø kainos Europoje,//html/body/div/div[1]/div[2]/div[2]/ul/li[3]/a
Label Element li[4],//html/body/div/div[1]/div[2]/div[2]/ul/li[4]
 | Mano degalinës,//html/body/div/div[1]/div[2]/div[2]/ul/li[4]/a
Label Element div[2],//html/body/div/div[1]/div[2]/div[2]/div[2]
Label Element div[3],//html/body/div/div[1]/div[2]/div[2]/div[3]
Label Element div[3],//html/body/div/div[1]/div[3]
Empty Label Element div[2],//html/body/div/div[2]
Empty Label Element div[1],//html/body/div/div[2]/div[1]
Empty Label Element div[1],//html/body/div/div[2]/div[1]/div[1]
Empty Label Element div[2],//html/body/div/div[2]/div[1]/div[2]
Label Element iframe,//html/body/div/div[2]/div[1]/div[2]/iframe
Label Element div[3],//html/body/div/div[2]/div[1]/div[3]
Empty Label Element div[4],//html/body/div/div[2]/div[1]/div[4]
Empty Label Element div[1],//html/body/div/div[2]/div[1]/div[4]/div[1]
Reklama,//html/body/div/div[2]/div[1]/div[4]/div[1]/h2
Empty Label Element div[2],//html/body/div/div[2]/div[1]/div[4]/div[2]
Label Element div[3],//html/body/div/div[2]/div[1]/div[4]/div[3]
Empty Label Element div[5],//html/body/div/div[2]/div[1]/div[5]
Empty Label Element div[1],//html/body/div/div[2]/div[1]/div[5]/div[1]
Draugai,//html/body/div/div[2]/div[1]/div[5]/div[1]/h2
Empty Label Element div[2],//html/body/div/div[2]/div[1]/div[5]/div[2]
Empty Label Element ul,//html/body/div/div[2]/div[1]/div[5]/div[2]/ul
Empty Label Element li,//html/body/div/div[2]/div[1]/div[5]/div[2]/ul/li
Butanas – prekës dujoms,//html/body/div/div[2]/div[1]/div[5]/div[2]/ul/li/a
Label Element div[3],//html/body/div/div[2]/div[1]/div[5]/div[3]
Empty Label Element div[2],//html/body/div/div[2]/div[2]
Label Element div,//html/body/div/div[2]/div[2]/div
Empty Label Element form,//html/body/div/div[2]/div[2]/div/form
Label Element input,//html/body/div/div[2]/div[2]/div/form/input
Label Element br,//html/body/div/div[2]/div[2]/div/form/br
Empty Label Element div,//html/body/div/div[2]/div[2]/div/form/div
Kuro kainos degalinëse,//html/body/div/div[2]/div[2]/div/form/div/h1
Empty Label Element div[1],//html/body/div/div[2]/div[2]/div/form/div/div[1]
Empty Label Element div,//html/body/div/div[2]/div[2]/div/form/div/div[1]/div
Table,//html/body/div/div[2]/div[2]/div/form/div/div[1]/div/table
Empty Label Element tr[1],//html/body/div/div[2]/div[2]/div/form/div/div[1]/div/table/tr[1]
Miestas,//html/body/div/div[2]/div[2]/div/form/div/div[1]/div/table/tr[1]/td[1]
Degaliniø tinklas,//html/body/div/div[2]/div[2]/div/form/div/div[1]/div/table/tr[1]/td[2]
Data,//html/body/div/div[2]/div[2]/div/form/div/div[1]/div/table/tr[1]/td[3]
Adresas,//html/body/div/div[2]/div[2]/div/form/div/div[1]/div/table/tr[1]/td[4]
Label Element td[5],//html/body/div/div[2]/div[2]/div/form/div/div[1]/div/table/tr[1]/td[5]
Empty Label Element tr[2],//html/body/div/div[2]/div[2]/div/form/div/div[1]/div/table/tr[2]
Empty Label Element td[1],//html/body/div/div[2]/div[2]/div/form/div/div[1]/div/table/tr[2]/td[1]
Label Element select,//html/body/div/div[2]/div[2]/div/form/div/div[1]/div/table/tr[2]/td[1]/select
-Visi miestai-,//html/body/div/div[2]/div[2]/div/form/div/div[1]/div/table/tr[2]/td[1]/select/option[1]
Vilnius,//html/body/div/div[2]/div[2]/div/form/div/div[1]/div/table/tr[2]/td[1]/select/option[2]
Kaunas,//html/body/div/div[2]/div[2]/div/form/div/div[1]/div/table/tr[2]/td[1]/select/option[3]
Klaipëda,//html/body/div/div[2]/div[2]/div/form/div/div[1]/div/table/tr[2]/td[1]/select/option[4]
Ðiauliai,//html/body/div/div[2]/div[2]/div/form/div/div[1]/div/table/tr[2]/td[1]/select/option[5]
Panevëþys,//html/body/div/div[2]/div[2]/div/form/div/div[1]/div/table/tr[2]/td[1]/select/option[6]
Akmenë,//html/body/div/div[2]/div[2]/div/form/div/div[1]/div/table/tr[2]/td[1]/select/option[7]
Alytus,//html/body/div/div[2]/div[2]/div/form/div/div[1]/div/table/tr[2]/td[1]/select/option[8]
Anykðèiai,//html/body/div/div[2]/div[2]/div/form/div/div[1]/div/table/tr[2]/td[1]/select/option[9]
Birþai,//html/body/div/div[2]/div[2]/div/form/div/div[1]/div/table/tr[2]/td[1]/select/option[10]
Druskininkai,//html/body/div/div[2]/div[2]/div/form/div/div[1]/div/table/tr[2]/td[1]/select/option[11]
Elektrënai,//html/body/div/div[2]/div[2]/div/form/div/div[1]/div/table/tr[2]/td[1]/select/option[12]
Gargþdai,//html/body/div/div[2]/div[2]/div/form/div/div[1]/div/table/tr[2]/td[1]/select/option[13]
Grigiðkës,//html/body/div/div[2]/div[2]/div/form/div/div[1]/div/table/tr[2]/td[1]/select/option[14]
Ignalina,//html/body/div/div[2]/div[2]/div/form/div/div[1]/div/table/tr[2]/td[1]/select/option[15]
Jieznas,//html/body/div/div[2]/div[2]/div/form/div/div[1]/div/table/tr[2]/td[1]/select/option[16]
Jonava,//html/body/div/div[2]/div[2]/div/form/div/div[1]/div/table/tr[2]/td[1]/select/option[17]
Joniðkis,//html/body/div/div[2]/div[2]/div/form/div/div[1]/div/table/tr[2]/td[1]/select/option[18]
Jurbarkas,//html/body/div/div[2]/div[2]/div/form/div/div[1]/div/table/tr[2]/td[1]/select/option[19]
Kaiðiadorys,//html/body/div/div[2]/div[2]/div/form/div/div[1]/div/table/tr[2]/td[1]/select/option[20]
Kalvarija,//html/body/div/div[2]/div[2]/div/form/div/div[1]/div/table/tr[2]/td[1]/select/option[21]
Kazlø Rûda,//html/body/div/div[2]/div[2]/div/form/div/div[1]/div/table/tr[2]/td[1]/select/option[22]
Këdainiai,//html/body/div/div[2]/div[2]/div/form/div/div[1]/div/table/tr[2]/td[1]/select/option[23]
Kelmë,//html/body/div/div[2]/div[2]/div/form/div/div[1]/div/table/tr[2]/td[1]/select/option[24]
Kretinga,//html/body/div/div[2]/div[2]/div/form/div/div[1]/div/table/tr[2]/td[1]/select/option[25]
Kretingalë,//html/body/div/div[2]/div[2]/div/form/div/div[1]/div/table/tr[2]/td[1]/select/option[26]
Kryþkalnis,//html/body/div/div[2]/div[2]/div/form/div/div[1]/div/table/tr[2]/td[1]/select/option[27]
Kurðënai,//html/body/div/div[2]/div[2]/div/form/div/div[1]/div/table/tr[2]/td[1]/select/option[28]
Kybartai,//html/body/div/div[2]/div[2]/div/form/div/div[1]/div/table/tr[2]/td[1]/select/option[29]
Lazdijai,//html/body/div/div[2]/div[2]/div/form/div/div[1]/div/table/tr[2]/td[1]/select/option[30]
Leipalingis,//html/body/div/div[2]/div[2]/div/form/div/div[1]/div/table/tr[2]/td[1]/select/option[31]
Marijampolë,//html/body/div/div[2]/div[2]/div/form/div/div[1]/div/table/tr[2]/td[1]/select/option[32]
Maþeikiai,//html/body/div/div[2]/div[2]/div/form/div/div[1]/div/table/tr[2]/td[1]/select/option[33]
Pabradë,//html/body/div/div[2]/div[2]/div/form/div/div[1]/div/table/tr[2]/td[1]/select/option[34]
Pakruojis,//html/body/div/div[2]/div[2]/div/form/div/div[1]/div/table/tr[2]/td[1]/select/option[35]
Palanga,//html/body/div/div[2]/div[2]/div/form/div/div[1]/div/table/tr[2]/td[1]/select/option[36]
Pasvalys,//html/body/div/div[2]/div[2]/div/form/div/div[1]/div/table/tr[2]/td[1]/select/option[37]
Plungë,//html/body/div/div[2]/div[2]/div/form/div/div[1]/div/table/tr[2]/td[1]/select/option[38]
Priekulë,//html/body/div/div[2]/div[2]/div/form/div/div[1]/div/table/tr[2]/td[1]/select/option[39]
Prienai,//html/body/div/div[2]/div[2]/div/form/div/div[1]/div/table/tr[2]/td[1]/select/option[40]
Radviliðkis,//html/body/div/div[2]/div[2]/div/form/div/div[1]/div/table/tr[2]/td[1]/select/option[41]
Raseiniai,//html/body/div/div[2]/div[2]/div/form/div/div[1]/div/table/tr[2]/td[1]/select/option[42]
Rokiðkis,//html/body/div/div[2]/div[2]/div/form/div/div[1]/div/table/tr[2]/td[1]/select/option[43]
Ðakiai,//html/body/div/div[2]/div[2]/div/form/div/div[1]/div/table/tr[2]/td[1]/select/option[44]
Ðalèininkai,//html/body/div/div[2]/div[2]/div/form/div/div[1]/div/table/tr[2]/td[1]/select/option[45]
Ðeduva,//html/body/div/div[2]/div[2]/div/form/div/div[1]/div/table/tr[2]/td[1]/select/option[46]
Ðilalë,//html/body/div/div[2]/div[2]/div/form/div/div[1]/div/table/tr[2]/td[1]/select/option[47]
Ðilutë,//html/body/div/div[2]/div[2]/div/form/div/div[1]/div/table/tr[2]/td[1]/select/option[48]
Skuodas,//html/body/div/div[2]/div[2]/div/form/div/div[1]/div/table/tr[2]/td[1]/select/option[49]
Tauragë,//html/body/div/div[2]/div[2]/div/form/div/div[1]/div/table/tr[2]/td[1]/select/option[50]
Telðiai,//html/body/div/div[2]/div[2]/div/form/div/div[1]/div/table/tr[2]/td[1]/select/option[51]
Trakai,//html/body/div/div[2]/div[2]/div/form/div/div[1]/div/table/tr[2]/td[1]/select/option[52]
Ukmergë,//html/body/div/div[2]/div[2]/div/form/div/div[1]/div/table/tr[2]/td[1]/select/option[53]
Utena,//html/body/div/div[2]/div[2]/div/form/div/div[1]/div/table/tr[2]/td[1]/select/option[54]
Varëna,//html/body/div/div[2]/div[2]/div/form/div/div[1]/div/table/tr[2]/td[1]/select/option[55]
Vievis,//html/body/div/div[2]/div[2]/div/form/div/div[1]/div/table/tr[2]/td[1]/select/option[56]
Vilkaviðkis,//html/body/div/div[2]/div[2]/div/form/div/div[1]/div/table/tr[2]/td[1]/select/option[57]
Visaginas,//html/body/div/div[2]/div[2]/div/form/div/div[1]/div/table/tr[2]/td[1]/select/option[58]
Zapyðkis,//html/body/div/div[2]/div[2]/div/form/div/div[1]/div/table/tr[2]/td[1]/select/option[59]
Empty Label Element td[2],//html/body/div/div[2]/div[2]/div/form/div/div[1]/div/table/tr[2]/td[2]
Label Element select,//html/body/div/div[2]/div[2]/div/form/div/div[1]/div/table/tr[2]/td[2]/select
Visos degalinës,//html/body/div/div[2]/div[2]/div/form/div/div[1]/div/table/tr[2]/td[2]/select/option[1]
Saurida (27),//html/body/div/div[2]/div[2]/div/form/div/div[1]/div/table/tr[2]/td[2]/select/option[2]
Jozita (11),//html/body/div/div[2]/div[2]/div/form/div/div[1]/div/table/tr[2]/td[2]/select/option[3]
Statoil (0),//html/body/div/div[2]/div[2]/div/form/div/div[1]/div/table/tr[2]/td[2]/select/option[4]
Lukoil (0),//html/body/div/div[2]/div[2]/div/form/div/div[1]/div/table/tr[2]/td[2]/select/option[5]
Ventus (0),//html/body/div/div[2]/div[2]/div/form/div/div[1]/div/table/tr[2]/td[2]/select/option[6]
Orlen (0),//html/body/div/div[2]/div[2]/div/form/div/div[1]/div/table/tr[2]/td[2]/select/option[7]
Vakoil (0),//html/body/div/div[2]/div[2]/div/form/div/div[1]/div/table/tr[2]/td[2]/select/option[8]
Alauða (0),//html/body/div/div[2]/div[2]/div/form/div/div[1]/div/table/tr[2]/td[2]/select/option[9]
Sensus  (0),//html/body/div/div[2]/div[2]/div/form/div/div[1]/div/table/tr[2]/td[2]/select/option[10]
Regusa (0),//html/body/div/div[2]/div[2]/div/form/div/div[1]/div/table/tr[2]/td[2]/select/option[11]
Apoil (0),//html/body/div/div[2]/div[2]/div/form/div/div[1]/div/table/tr[2]/td[2]/select/option[12]
Egas (0),//html/body/div/div[2]/div[2]/div/form/div/div[1]/div/table/tr[2]/td[2]/select/option[13]
Kvistija (0),//html/body/div/div[2]/div[2]/div/form/div/div[1]/div/table/tr[2]/td[2]/select/option[14]
Ecoil (0),//html/body/div/div[2]/div[2]/div/form/div/div[1]/div/table/tr[2]/td[2]/select/option[15]
Rotada (0),//html/body/div/div[2]/div[2]/div/form/div/div[1]/div/table/tr[2]/td[2]/select/option[16]
Videra (0),//html/body/div/div[2]/div[2]/div/form/div/div[1]/div/table/tr[2]/td[2]/select/option[17]
Skirnuva (0),//html/body/div/div[2]/div[2]/div/form/div/div[1]/div/table/tr[2]/td[2]/select/option[18]
Neste (0),//html/body/div/div[2]/div[2]/div/form/div/div[1]/div/table/tr[2]/td[2]/select/option[19]
Cauda (0),//html/body/div/div[2]/div[2]/div/form/div/div[1]/div/table/tr[2]/td[2]/select/option[20]
Milda (0),//html/body/div/div[2]/div[2]/div/form/div/div[1]/div/table/tr[2]/td[2]/select/option[21]
Baltic Petroleum (0),//html/body/div/div[2]/div[2]/div/form/div/div[1]/div/table/tr[2]/td[2]/select/option[22]
Luktarna (0),//html/body/div/div[2]/div[2]/div/form/div/div[1]/div/table/tr[2]/td[2]/select/option[23]
Takuras (0),//html/body/div/div[2]/div[2]/div/form/div/div[1]/div/table/tr[2]/td[2]/select/option[24]
Emsi (0),//html/body/div/div[2]/div[2]/div/form/div/div[1]/div/table/tr[2]/td[2]/select/option[25]
Metano dujø sistemos (0),//html/body/div/div[2]/div[2]/div/form/div/div[1]/div/table/tr[2]/td[2]/select/option[26]
Grifskana (0),//html/body/div/div[2]/div[2]/div/form/div/div[1]/div/table/tr[2]/td[2]/select/option[27]
3-4 (0),//html/body/div/div[2]/div[2]/div/form/div/div[1]/div/table/tr[2]/td[2]/select/option[28]
Empty Label Element td[3],//html/body/div/div[2]/div[2]/div/form/div/div[1]/div/table/tr[2]/td[3]
Label Element input,//html/body/div/div[2]/div[2]/div/form/div/div[1]/div/table/tr[2]/td[3]/input
Empty Label Element td[4],//html/body/div/div[2]/div[2]/div/form/div/div[1]/div/table/tr[2]/td[4]
Label Element input,//html/body/div/div[2]/div[2]/div/form/div/div[1]/div/table/tr[2]/td[4]/input
Empty Label Element td[5],//html/body/div/div[2]/div[2]/div/form/div/div[1]/div/table/tr[2]/td[5]
Label Element input,//html/body/div/div[2]/div[2]/div/form/div/div[1]/div/table/tr[2]/td[5]/input
Empty Label Element div[2],//html/body/div/div[2]/div[2]/div/form/div/div[2]
Label Element div[1],//html/body/div/div[2]/div[2]/div/form/div/div[2]/div[1]
Label Element ul,//html/body/div/div[2]/div[2]/div/form/div/div[2]/div[1]/ul
Label Element li[1],//html/body/div/div[2]/div[2]/div/form/div/div[2]/div[1]/ul/li[1]
1,//html/body/div/div[2]/div[2]/div/form/div/div[2]/div[1]/ul/li[1]/a
Label Element li[2],//html/body/div/div[2]/div[2]/div/form/div/div[2]/div[1]/ul/li[2]
2,//html/body/div/div[2]/div[2]/div/form/div/div[2]/div[1]/ul/li[2]/a
Label Element li[3],//html/body/div/div[2]/div[2]/div/form/div/div[2]/div[1]/ul/li[3]
Kitas,//html/body/div/div[2]/div[2]/div/form/div/div[2]/div[1]/ul/li[3]/a
Table,//html/body/div/div[2]/div[2]/div/form/div/div[2]/table
Empty Label Element tr[1],//html/body/div/div[2]/div[2]/div/form/div/div[2]/table/tr[1]
Operatorius,//html/body/div/div[2]/div[2]/div/form/div/div[2]/table/tr[1]/td[1]
Miestas,//html/body/div/div[2]/div[2]/div/form/div/div[2]/table/tr[1]/td[2]
Adresas,//html/body/div/div[2]/div[2]/div/form/div/div[2]/table/tr[1]/td[3]
A98,//html/body/div/div[2]/div[2]/div/form/div/div[2]/table/tr[1]/td[4]
A95,//html/body/div/div[2]/div[2]/div/form/div/div[2]/table/tr[1]/td[5]
D,//html/body/div/div[2]/div[2]/div/form/div/div[2]/table/tr[1]/td[6]
Dþ,//html/body/div/div[2]/div[2]/div/form/div/div[2]/table/tr[1]/td[7]
E85,//html/body/div/div[2]/div[2]/div/form/div/div[2]/table/tr[1]/td[8]
Dujos,//html/body/div/div[2]/div[2]/div/form/div/div[2]/table/tr[1]/td[9]
Paþymëti,//html/body/div/div[2]/div[2]/div/form/div/div[2]/table/tr[1]/td[10]
Label Element tr[2],//html/body/div/div[2]/div[2]/div/form/div/div[2]/table/tr[2]
Label Element td[1],//html/body/div/div[2]/div[2]/div/form/div/div[2]/table/tr[2]/td[1]
Jozita,//html/body/div/div[2]/div[2]/div/form/div/div[2]/table/tr[2]/td[1]/a
Label Element td[2],//html/body/div/div[2]/div[2]/div/form/div/div[2]/table/tr[2]/td[2]
Ðilutë,//html/body/div/div[2]/div[2]/div/form/div/div[2]/table/tr[2]/td[2]/a
Label Element td[3],//html/body/div/div[2]/div[2]/div/form/div/div[2]/table/tr[2]/td[3]
Traksëdþiai,//html/body/div/div[2]/div[2]/div/form/div/div[2]/table/tr[2]/td[3]/a
1.680,//html/body/div/div[2]/div[2]/div/form/div/div[2]/table/tr[2]/td[4]
1.680,//html/body/div/div[2]/div[2]/div/form/div/div[2]/table/tr[2]/td[5]
1.660,//html/body/div/div[2]/div[2]/div/form/div/div[2]/table/tr[2]/td[6]
1.360,//html/body/div/div[2]/div[2]/div/form/div/div[2]/table/tr[2]/td[7]
-,//html/body/div/div[2]/div[2]/div/form/div/div[2]/table/tr[2]/td[8]
0.670,//html/body/div/div[2]/div[2]/div/form/div/div[2]/table/tr[2]/td[9]
Label Element td[10],//html/body/div/div[2]/div[2]/div/form/div/div[2]/table/tr[2]/td[10]
Label Element div[1],//html/body/div/div[2]/div[2]/div/form/div/div[2]/table/tr[2]/td[10]/div[1]
alt: Átraukti á savo degaliniø sàraðà,//html/body/div/div[2]/div[2]/div/form/div/div[2]/table/tr[2]/td[10]/div[1]/img
Label Element div[2],//html/body/div/div[2]/div[2]/div/form/div/div[2]/table/tr[2]/td[10]/div[2]
alt: Iðbraukti ið savo degaliniø sàraðo,//html/body/div/div[2]/div[2]/div/form/div/div[2]/table/tr[2]/td[10]/div[2]/img
Label Element tr[3],//html/body/div/div[2]/div[2]/div/form/div/div[2]/table/tr[3]
Label Element td[1],//html/body/div/div[2]/div[2]/div/form/div/div[2]/table/tr[3]/td[1]
Jozita,//html/body/div/div[2]/div[2]/div/form/div/div[2]/table/tr[3]/td[1]/a
Label Element td[2],//html/body/div/div[2]/div[2]/div/form/div/div[2]/table/tr[3]/td[2]
Ðilalë,//html/body/div/div[2]/div[2]/div/form/div/div[2]/table/tr[3]/td[2]/a
Label Element td[3],//html/body/div/div[2]/div[2]/div/form/div/div[2]/table/tr[3]/td[3]
Ðoliø k.,//html/body/div/div[2]/div[2]/div/form/div/div[2]/table/tr[3]/td[3]/a
1.680,//html/body/div/div[2]/div[2]/div/form/div/div[2]/table/tr[3]/td[4]
1.680,//html/body/div/div[2]/div[2]/div/form/div/div[2]/table/tr[3]/td[5]
1.660,//html/body/div/div[2]/div[2]/div/form/div/div[2]/table/tr[3]/td[6]
1.360,//html/body/div/div[2]/div[2]/div/form/div/div[2]/table/tr[3]/td[7]
-,//html/body/div/div[2]/div[2]/div/form/div/div[2]/table/tr[3]/td[8]
0.680,//html/body/div/div[2]/div[2]/div/form/div/div[2]/table/tr[3]/td[9]
Label Element td[10],//html/body/div/div[2]/div[2]/div/form/div/div[2]/table/tr[3]/td[10]
Label Element div[1],//html/body/div/div[2]/div[2]/div/form/div/div[2]/table/tr[3]/td[10]/div[1]
alt: Átraukti á savo degaliniø sàraðà,//html/body/div/div[2]/div[2]/div/form/div/div[2]/table/tr[3]/td[10]/div[1]/img
Label Element div[2],//html/body/div/div[2]/div[2]/div/form/div/div[2]/table/tr[3]/td[10]/div[2]
alt: Iðbraukti ið savo degaliniø sàraðo,//html/body/div/div[2]/div[2]/div/form/div/div[2]/table/tr[3]/td[10]/div[2]/img
Label Element tr[4],//html/body/div/div[2]/div[2]/div/form/div/div[2]/table/tr[4]
Label Element td[1],//html/body/div/div[2]/div[2]/div/form/div/div[2]/table/tr[4]/td[1]
Jozita,//html/body/div/div[2]/div[2]/div/form/div/div[2]/table/tr[4]/td[1]/a
Label Element td[2],//html/body/div/div[2]/div[2]/div/form/div/div[2]/table/tr[4]/td[2]
Raseiniai,//html/body/div/div[2]/div[2]/div/form/div/div[2]/table/tr[4]/td[2]/a
Label Element td[3],//html/body/div/div[2]/div[2]/div/form/div/div[2]/table/tr[4]/td[3]
Maironio g. 78b,//html/body/div/div[2]/div[2]/div/form/div/div[2]/table/tr[4]/td[3]/a
1.680,//html/body/div/div[2]/div[2]/div/form/div/div[2]/table/tr[4]/td[4]
1.680,//html/body/div/div[2]/div[2]/div/form/div/div[2]/table/tr[4]/td[5]
1.660,//html/body/div/div[2]/div[2]/div/form/div/div[2]/table/tr[4]/td[6]
1.360,//html/body/div/div[2]/div[2]/div/form/div/div[2]/table/tr[4]/td[7]
-,//html/body/div/div[2]/div[2]/div/form/div/div[2]/table/tr[4]/td[8]
0.680,//html/body/div/div[2]/div[2]/div/form/div/div[2]/table/tr[4]/td[9]
Label Element td[10],//html/body/div/div[2]/div[2]/div/form/div/div[2]/table/tr[4]/td[10]
Label Element div[1],//html/body/div/div[2]/div[2]/div/form/div/div[2]/table/tr[4]/td[10]/div[1]
alt: Átraukti á savo degaliniø sàraðà,//html/body/div/div[2]/div[2]/div/form/div/div[2]/table/tr[4]/td[10]/div[1]/img
Label Element div[2],//html/body/div/div[2]/div[2]/div/form/div/div[2]/table/tr[4]/td[10]/div[2]
alt: Iðbraukti ið savo degaliniø sàraðo,//html/body/div/div[2]/div[2]/div/form/div/div[2]/table/tr[4]/td[10]/div[2]/img
Label Element tr[5],//html/body/div/div[2]/div[2]/div/form/div/div[2]/table/tr[5]
Label Element td[1],//html/body/div/div[2]/div[2]/div/form/div/div[2]/table/tr[5]/td[1]
Jozita,//html/body/div/div[2]/div[2]/div/form/div/div[2]/table/tr[5]/td[1]/a
Label Element td[2],//html/body/div/div[2]/div[2]/div/form/div/div[2]/table/tr[5]/td[2]
Pakruojis,//html/body/div/div[2]/div[2]/div/form/div/div[2]/table/tr[5]/td[2]/a
Label Element td[3],//html/body/div/div[2]/div[2]/div/form/div/div[2]/table/tr[5]/td[3]
Kuosiðkiai, Kuosiðkiø k. 4,//html/body/div/div[2]/div[2]/div/form/div/div[2]/table/tr[5]/td[3]/a
-,//html/body/div/div[2]/div[2]/div/form/div/div[2]/table/tr[5]/td[4]
1.680,//html/body/div/div[2]/div[2]/div/form/div/div[2]/table/tr[5]/td[5]
1.660,//html/body/div/div[2]/div[2]/div/form/div/div[2]/table/tr[5]/td[6]
1.360,//html/body/div/div[2]/div[2]/div/form/div/div[2]/table/tr[5]/td[7]
-,//html/body/div/div[2]/div[2]/div/form/div/div[2]/table/tr[5]/td[8]
0.670,//html/body/div/div[2]/div[2]/div/form/div/div[2]/table/tr[5]/td[9]
Label Element td[10],//html/body/div/div[2]/div[2]/div/form/div/div[2]/table/tr[5]/td[10]
Label Element div[1],//html/body/div/div[2]/div[2]/div/form/div/div[2]/table/tr[5]/td[10]/div[1]
alt: Átraukti á savo degaliniø sàraðà,//html/body/div/div[2]/div[2]/div/form/div/div[2]/table/tr[5]/td[10]/div[1]/img
Label Element div[2],//html/body/div/div[2]/div[2]/div/form/div/div[2]/table/tr[5]/td[10]/div[2]
alt: Iðbraukti ið savo degaliniø sàraðo,//html/body/div/div[2]/div[2]/div/form/div/div[2]/table/tr[5]/td[10]/div[2]/img
Label Element tr[6],//html/body/div/div[2]/div[2]/div/form/div/div[2]/table/tr[6]
Label Element td[1],//html/body/div/div[2]/div[2]/div/form/div/div[2]/table/tr[6]/td[1]
Jozita,//html/body/div/div[2]/div[2]/div/form/div/div[2]/table/tr[6]/td[1]/a
Label Element td[2],//html/body/div/div[2]/div[2]/div/form/div/div[2]/table/tr[6]/td[2]
Ðiauliai,//html/body/div/div[2]/div[2]/div/form/div/div[2]/table/tr[6]/td[2]/a
Label Element td[3],//html/body/div/div[2]/div[2]/div/form/div/div[2]/table/tr[6]/td[3]
Architektø g. 80,//html/body/div/div[2]/div[2]/div/form/div/div[2]/table/tr[6]/td[3]/a
1.680,//html/body/div/div[2]/div[2]/div/form/div/div[2]/table/tr[6]/td[4]
1.680,//html/body/div/div[2]/div[2]/div/form/div/div[2]/table/tr[6]/td[5]
1.660,//html/body/div/div[2]/div[2]/div/form/div/div[2]/table/tr[6]/td[6]
1.360,//html/body/div/div[2]/div[2]/div/form/div/div[2]/table/tr[6]/td[7]
-,//html/body/div/div[2]/div[2]/div/form/div/div[2]/table/tr[6]/td[8]
0.670,//html/body/div/div[2]/div[2]/div/form/div/div[2]/table/tr[6]/td[9]
Label Element td[10],//html/body/div/div[2]/div[2]/div/form/div/div[2]/table/tr[6]/td[10]
Label Element div[1],//html/body/div/div[2]/div[2]/div/form/div/div[2]/table/tr[6]/td[10]/div[1]
alt: Átraukti á savo degaliniø sàraðà,//html/body/div/div[2]/div[2]/div/form/div/div[2]/table/tr[6]/td[10]/div[1]/img
Label Element div[2],//html/body/div/div[2]/div[2]/div/form/div/div[2]/table/tr[6]/td[10]/div[2]
alt: Iðbraukti ið savo degaliniø sàraðo,//html/body/div/div[2]/div[2]/div/form/div/div[2]/table/tr[6]/td[10]/div[2]/img
Label Element tr[7],//html/body/div/div[2]/div[2]/div/form/div/div[2]/table/tr[7]
Label Element td[1],//html/body/div/div[2]/div[2]/div/form/div/div[2]/table/tr[7]/td[1]
Jozita,//html/body/div/div[2]/div[2]/div/form/div/div[2]/table/tr[7]/td[1]/a
Label Element td[2],//html/body/div/div[2]/div[2]/div/form/div/div[2]/table/tr[7]/td[2]
Ðiauliai,//html/body/div/div[2]/div[2]/div/form/div/div[2]/table/tr[7]/td[2]/a
Label Element td[3],//html/body/div/div[2]/div[2]/div/form/div/div[2]/table/tr[7]/td[3]
Giruliø g. 1,//html/body/div/div[2]/div[2]/div/form/div/div[2]/table/tr[7]/td[3]/a
-,//html/body/div/div[2]/div[2]/div/form/div/div[2]/table/tr[7]/td[4]
1.680,//html/body/div/div[2]/div[2]/div/form/div/div[2]/table/tr[7]/td[5]
1.660,//html/body/div/div[2]/div[2]/div/form/div/div[2]/table/tr[7]/td[6]
1.360,//html/body/div/div[2]/div[2]/div/form/div/div[2]/table/tr[7]/td[7]
-,//html/body/div/div[2]/div[2]/div/form/div/div[2]/table/tr[7]/td[8]
0.670,//html/body/div/div[2]/div[2]/div/form/div/div[2]/table/tr[7]/td[9]
Label Element td[10],//html/body/div/div[2]/div[2]/div/form/div/div[2]/table/tr[7]/td[10]
Label Element div[1],//html/body/div/div[2]/div[2]/div/form/div/div[2]/table/tr[7]/td[10]/div[1]
alt: Átraukti á savo degaliniø sàraðà,//html/body/div/div[2]/div[2]/div/form/div/div[2]/table/tr[7]/td[10]/div[1]/img
Label Element div[2],//html/body/div/div[2]/div[2]/div/form/div/div[2]/table/tr[7]/td[10]/div[2]
alt: Iðbraukti ið savo degaliniø sàraðo,//html/body/div/div[2]/div[2]/div/form/div/div[2]/table/tr[7]/td[10]/div[2]/img
Label Element tr[8],//html/body/div/div[2]/div[2]/div/form/div/div[2]/table/tr[8]
Label Element td[1],//html/body/div/div[2]/div[2]/div/form/div/div[2]/table/tr[8]/td[1]
Jozita,//html/body/div/div[2]/div[2]/div/form/div/div[2]/table/tr[8]/td[1]/a
Label Element td[2],//html/body/div/div[2]/div[2]/div/form/div/div[2]/table/tr[8]/td[2]
Klaipëda,//html/body/div/div[2]/div[2]/div/form/div/div[2]/table/tr[8]/td[2]/a
Label Element td[3],//html/body/div/div[2]/div[2]/div/form/div/div[2]/table/tr[8]/td[3]
Klipðèiai,//html/body/div/div[2]/div[2]/div/form/div/div[2]/table/tr[8]/td[3]/a
1.680,//html/body/div/div[2]/div[2]/div/form/div/div[2]/table/tr[8]/td[4]
1.680,//html/body/div/div[2]/div[2]/div/form/div/div[2]/table/tr[8]/td[5]
1.660,//html/body/div/div[2]/div[2]/div/form/div/div[2]/table/tr[8]/td[6]
1.360,//html/body/div/div[2]/div[2]/div/form/div/div[2]/table/tr[8]/td[7]
-,//html/body/div/div[2]/div[2]/div/form/div/div[2]/table/tr[8]/td[8]
0.680,//html/body/div/div[2]/div[2]/div/form/div/div[2]/table/tr[8]/td[9]
Label Element td[10],//html/body/div/div[2]/div[2]/div/form/div/div[2]/table/tr[8]/td[10]
Label Element div[1],//html/body/div/div[2]/div[2]/div/form/div/div[2]/table/tr[8]/td[10]/div[1]
alt: Átraukti á savo degaliniø sàraðà,//html/body/div/div[2]/div[2]/div/form/div/div[2]/table/tr[8]/td[10]/div[1]/img
Label Element div[2],//html/body/div/div[2]/div[2]/div/form/div/div[2]/table/tr[8]/td[10]/div[2]
alt: Iðbraukti ið savo degaliniø sàraðo,//html/body/div/div[2]/div[2]/div/form/div/div[2]/table/tr[8]/td[10]/div[2]/img
Label Element tr[9],//html/body/div/div[2]/div[2]/div/form/div/div[2]/table/tr[9]
Label Element td[1],//html/body/div/div[2]/div[2]/div/form/div/div[2]/table/tr[9]/td[1]
Jozita,//html/body/div/div[2]/div[2]/div/form/div/div[2]/table/tr[9]/td[1]/a
Label Element td[2],//html/body/div/div[2]/div[2]/div/form/div/div[2]/table/tr[9]/td[2]
Vilnius,//html/body/div/div[2]/div[2]/div/form/div/div[2]/table/tr[9]/td[2]/a
Label Element td[3],//html/body/div/div[2]/div[2]/div/form/div/div[2]/table/tr[9]/td[3]
Parko g. 69A,//html/body/div/div[2]/div[2]/div/form/div/div[2]/table/tr[9]/td[3]/a
-,//html/body/div/div[2]/div[2]/div/form/div/div[2]/table/tr[9]/td[4]
1.680,//html/body/div/div[2]/div[2]/div/form/div/div[2]/table/tr[9]/td[5]
1.660,//html/body/div/div[2]/div[2]/div/form/div/div[2]/table/tr[9]/td[6]
-,//html/body/div/div[2]/div[2]/div/form/div/div[2]/table/tr[9]/td[7]
-,//html/body/div/div[2]/div[2]/div/form/div/div[2]/table/tr[9]/td[8]
0.680,//html/body/div/div[2]/div[2]/div/form/div/div[2]/table/tr[9]/td[9]
Label Element td[10],//html/body/div/div[2]/div[2]/div/form/div/div[2]/table/tr[9]/td[10]
Label Element div[1],//html/body/div/div[2]/div[2]/div/form/div/div[2]/table/tr[9]/td[10]/div[1]
alt: Átraukti á savo degaliniø sàraðà,//html/body/div/div[2]/div[2]/div/form/div/div[2]/table/tr[9]/td[10]/div[1]/img
Label Element div[2],//html/body/div/div[2]/div[2]/div/form/div/div[2]/table/tr[9]/td[10]/div[2]
alt: Iðbraukti ið savo degaliniø sàraðo,//html/body/div/div[2]/div[2]/div/form/div/div[2]/table/tr[9]/td[10]/div[2]/img
Label Element tr[10],//html/body/div/div[2]/div[2]/div/form/div/div[2]/table/tr[10]
Label Element td[1],//html/body/div/div[2]/div[2]/div/form/div/div[2]/table/tr[10]/td[1]
Jozita,//html/body/div/div[2]/div[2]/div/form/div/div[2]/table/tr[10]/td[1]/a
Label Element td[2],//html/body/div/div[2]/div[2]/div/form/div/div[2]/table/tr[10]/td[2]
Kaunas,//html/body/div/div[2]/div[2]/div/form/div/div[2]/table/tr[10]/td[2]/a
Label Element td[3],//html/body/div/div[2]/div[2]/div/form/div/div[2]/table/tr[10]/td[3]
Kurðiø g. 13A,//html/body/div/div[2]/div[2]/div/form/div/div[2]/table/tr[10]/td[3]/a
1.680,//html/body/div/div[2]/div[2]/div/form/div/div[2]/table/tr[10]/td[4]
1.680,//html/body/div/div[2]/div[2]/div/form/div/div[2]/table/tr[10]/td[5]
1.660,//html/body/div/div[2]/div[2]/div/form/div/div[2]/table/tr[10]/td[6]
1.360,//html/body/div/div[2]/div[2]/div/form/div/div[2]/table/tr[10]/td[7]
-,//html/body/div/div[2]/div[2]/div/form/div/div[2]/table/tr[10]/td[8]
0.680,//html/body/div/div[2]/div[2]/div/form/div/div[2]/table/tr[10]/td[9]
Label Element td[10],//html/body/div/div[2]/div[2]/div/form/div/div[2]/table/tr[10]/td[10]
Label Element div[1],//html/body/div/div[2]/div[2]/div/form/div/div[2]/table/tr[10]/td[10]/div[1]
alt: Átraukti á savo degaliniø sàraðà,//html/body/div/div[2]/div[2]/div/form/div/div[2]/table/tr[10]/td[10]/div[1]/img
Label Element div[2],//html/body/div/div[2]/div[2]/div/form/div/div[2]/table/tr[10]/td[10]/div[2]
alt: Iðbraukti ið savo degaliniø sàraðo,//html/body/div/div[2]/div[2]/div/form/div/div[2]/table/tr[10]/td[10]/div[2]/img
Label Element tr[11],//html/body/div/div[2]/div[2]/div/form/div/div[2]/table/tr[11]
Label Element td[1],//html/body/div/div[2]/div[2]/div/form/div/div[2]/table/tr[11]/td[1]
Jozita,//html/body/div/div[2]/div[2]/div/form/div/div[2]/table/tr[11]/td[1]/a
Label Element td[2],//html/body/div/div[2]/div[2]/div/form/div/div[2]/table/tr[11]/td[2]
Kaunas,//html/body/div/div[2]/div[2]/div/form/div/div[2]/table/tr[11]/td[2]/a
Label Element td[3],//html/body/div/div[2]/div[2]/div/form/div/div[2]/table/tr[11]/td[3]
Garliava, Vytauto  g. 111A,//html/body/div/div[2]/div[2]/div/form/div/div[2]/table/tr[11]/td[3]/a
-,//html/body/div/div[2]/div[2]/div/form/div/div[2]/table/tr[11]/td[4]
1.680,//html/body/div/div[2]/div[2]/div/form/div/div[2]/table/tr[11]/td[5]
1.660,//html/body/div/div[2]/div[2]/div/form/div/div[2]/table/tr[11]/td[6]
1.360,//html/body/div/div[2]/div[2]/div/form/div/div[2]/table/tr[11]/td[7]
-,//html/body/div/div[2]/div[2]/div/form/div/div[2]/table/tr[11]/td[8]
0.680,//html/body/div/div[2]/div[2]/div/form/div/div[2]/table/tr[11]/td[9]
Label Element td[10],//html/body/div/div[2]/div[2]/div/form/div/div[2]/table/tr[11]/td[10]
Label Element div[1],//html/body/div/div[2]/div[2]/div/form/div/div[2]/table/tr[11]/td[10]/div[1]
alt: Átraukti á savo degaliniø sàraðà,//html/body/div/div[2]/div[2]/div/form/div/div[2]/table/tr[11]/td[10]/div[1]/img
Label Element div[2],//html/body/div/div[2]/div[2]/div/form/div/div[2]/table/tr[11]/td[10]/div[2]
alt: Iðbraukti ið savo degaliniø sàraðo,//html/body/div/div[2]/div[2]/div/form/div/div[2]/table/tr[11]/td[10]/div[2]/img
Label Element tr[12],//html/body/div/div[2]/div[2]/div/form/div/div[2]/table/tr[12]
Label Element td[1],//html/body/div/div[2]/div[2]/div/form/div/div[2]/table/tr[12]/td[1]
Jozita,//html/body/div/div[2]/div[2]/div/form/div/div[2]/table/tr[12]/td[1]/a
Label Element td[2],//html/body/div/div[2]/div[2]/div/form/div/div[2]/table/tr[12]/td[2]
Kaunas,//html/body/div/div[2]/div[2]/div/form/div/div[2]/table/tr[12]/td[2]/a
Label Element td[3],//html/body/div/div[2]/div[2]/div/form/div/div[2]/table/tr[12]/td[3]
Jonavos g. 51,//html/body/div/div[2]/div[2]/div/form/div/div[2]/table/tr[12]/td[3]/a
1.680,//html/body/div/div[2]/div[2]/div/form/div/div[2]/table/tr[12]/td[4]
1.680,//html/body/div/div[2]/div[2]/div/form/div/div[2]/table/tr[12]/td[5]
1.660,//html/body/div/div[2]/div[2]/div/form/div/div[2]/table/tr[12]/td[6]
1.360,//html/body/div/div[2]/div[2]/div/form/div/div[2]/table/tr[12]/td[7]
-,//html/body/div/div[2]/div[2]/div/form/div/div[2]/table/tr[12]/td[8]
0.680,//html/body/div/div[2]/div[2]/div/form/div/div[2]/table/tr[12]/td[9]
Label Element td[10],//html/body/div/div[2]/div[2]/div/form/div/div[2]/table/tr[12]/td[10]
Label Element div[1],//html/body/div/div[2]/div[2]/div/form/div/div[2]/table/tr[12]/td[10]/div[1]
alt: Átraukti á savo degaliniø sàraðà,//html/body/div/div[2]/div[2]/div/form/div/div[2]/table/tr[12]/td[10]/div[1]/img
Label Element div[2],//html/body/div/div[2]/div[2]/div/form/div/div[2]/table/tr[12]/td[10]/div[2]
alt: Iðbraukti ið savo degaliniø sàraðo,//html/body/div/div[2]/div[2]/div/form/div/div[2]/table/tr[12]/td[10]/div[2]/img
Label Element tr[13],//html/body/div/div[2]/div[2]/div/form/div/div[2]/table/tr[13]
Label Element td[1],//html/body/div/div[2]/div[2]/div/form/div/div[2]/table/tr[13]/td[1]
Saurida,//html/body/div/div[2]/div[2]/div/form/div/div[2]/table/tr[13]/td[1]/a
Label Element td[2],//html/body/div/div[2]/div[2]/div/form/div/div[2]/table/tr[13]/td[2]
Ðilalë,//html/body/div/div[2]/div[2]/div/form/div/div[2]/table/tr[13]/td[2]/a
Label Element td[3],//html/body/div/div[2]/div[2]/div/form/div/div[2]/table/tr[13]/td[3]
Rytinio Kelio g. 19,//html/body/div/div[2]/div[2]/div/form/div/div[2]/table/tr[13]/td[3]/a
-,//html/body/div/div[2]/div[2]/div/form/div/div[2]/table/tr[13]/td[4]
1.700,//html/body/div/div[2]/div[2]/div/form/div/div[2]/table/tr[13]/td[5]
1.670,//html/body/div/div[2]/div[2]/div/form/div/div[2]/table/tr[13]/td[6]
1.350,//html/body/div/div[2]/div[2]/div/form/div/div[2]/table/tr[13]/td[7]
-,//html/body/div/div[2]/div[2]/div/form/div/div[2]/table/tr[13]/td[8]
0.690,//html/body/div/div[2]/div[2]/div/form/div/div[2]/table/tr[13]/td[9]
Label Element td[10],//html/body/div/div[2]/div[2]/div/form/div/div[2]/table/tr[13]/td[10]
Label Element div[1],//html/body/div/div[2]/div[2]/div/form/div/div[2]/table/tr[13]/td[10]/div[1]
alt: Átraukti á savo degaliniø sàraðà,//html/body/div/div[2]/div[2]/div/form/div/div[2]/table/tr[13]/td[10]/div[1]/img
Label Element div[2],//html/body/div/div[2]/div[2]/div/form/div/div[2]/table/tr[13]/td[10]/div[2]
alt: Iðbraukti ið savo degaliniø sàraðo,//html/body/div/div[2]/div[2]/div/form/div/div[2]/table/tr[13]/td[10]/div[2]/img
Label Element tr[14],//html/body/div/div[2]/div[2]/div/form/div/div[2]/table/tr[14]
Label Element td[1],//html/body/div/div[2]/div[2]/div/form/div/div[2]/table/tr[14]/td[1]
Saurida,//html/body/div/div[2]/div[2]/div/form/div/div[2]/table/tr[14]/td[1]/a
Label Element td[2],//html/body/div/div[2]/div[2]/div/form/div/div[2]/table/tr[14]/td[2]
Kaunas,//html/body/div/div[2]/div[2]/div/form/div/div[2]/table/tr[14]/td[2]/a
Label Element td[3],//html/body/div/div[2]/div[2]/div/form/div/div[2]/table/tr[14]/td[3]
V. Krëvës pr. 116,//html/body/div/div[2]/div[2]/div/form/div/div[2]/table/tr[14]/td[3]/a
-,//html/body/div/div[2]/div[2]/div/form/div/div[2]/table/tr[14]/td[4]
1.700,//html/body/div/div[2]/div[2]/div/form/div/div[2]/table/tr[14]/td[5]
1.680,//html/body/div/div[2]/div[2]/div/form/div/div[2]/table/tr[14]/td[6]
-,//html/body/div/div[2]/div[2]/div/form/div/div[2]/table/tr[14]/td[7]
-,//html/body/div/div[2]/div[2]/div/form/div/div[2]/table/tr[14]/td[8]
0.680,//html/body/div/div[2]/div[2]/div/form/div/div[2]/table/tr[14]/td[9]
Label Element td[10],//html/body/div/div[2]/div[2]/div/form/div/div[2]/table/tr[14]/td[10]
Label Element div[1],//html/body/div/div[2]/div[2]/div/form/div/div[2]/table/tr[14]/td[10]/div[1]
alt: Átraukti á savo degaliniø sàraðà,//html/body/div/div[2]/div[2]/div/form/div/div[2]/table/tr[14]/td[10]/div[1]/img
Label Element div[2],//html/body/div/div[2]/div[2]/div/form/div/div[2]/table/tr[14]/td[10]/div[2]
alt: Iðbraukti ið savo degaliniø sàraðo,//html/body/div/div[2]/div[2]/div/form/div/div[2]/table/tr[14]/td[10]/div[2]/img
Label Element tr[15],//html/body/div/div[2]/div[2]/div/form/div/div[2]/table/tr[15]
Label Element td[1],//html/body/div/div[2]/div[2]/div/form/div/div[2]/table/tr[15]/td[1]
Saurida,//html/body/div/div[2]/div[2]/div/form/div/div[2]/table/tr[15]/td[1]/a
Label Element td[2],//html/body/div/div[2]/div[2]/div/form/div/div[2]/table/tr[15]/td[2]
Kaunas,//html/body/div/div[2]/div[2]/div/form/div/div[2]/table/tr[15]/td[2]/a
Label Element td[3],//html/body/div/div[2]/div[2]/div/form/div/div[2]/table/tr[15]/td[3]
Babtø k.,//html/body/div/div[2]/div[2]/div/form/div/div[2]/table/tr[15]/td[3]/a
-,//html/body/div/div[2]/div[2]/div/form/div/div[2]/table/tr[15]/td[4]
1.680,//html/body/div/div[2]/div[2]/div/form/div/div[2]/table/tr[15]/td[5]
1.680,//html/body/div/div[2]/div[2]/div/form/div/div[2]/table/tr[15]/td[6]
1.390,//html/body/div/div[2]/div[2]/div/form/div/div[2]/table/tr[15]/td[7]
-,//html/body/div/div[2]/div[2]/div/form/div/div[2]/table/tr[15]/td[8]
0.690,//html/body/div/div[2]/div[2]/div/form/div/div[2]/table/tr[15]/td[9]
Label Element td[10],//html/body/div/div[2]/div[2]/div/form/div/div[2]/table/tr[15]/td[10]
Label Element div[1],//html/body/div/div[2]/div[2]/div/form/div/div[2]/table/tr[15]/td[10]/div[1]
alt: Átraukti á savo degaliniø sàraðà,//html/body/div/div[2]/div[2]/div/form/div/div[2]/table/tr[15]/td[10]/div[1]/img
Label Element div[2],//html/body/div/div[2]/div[2]/div/form/div/div[2]/table/tr[15]/td[10]/div[2]
alt: Iðbraukti ið savo degaliniø sàraðo,//html/body/div/div[2]/div[2]/div/form/div/div[2]/table/tr[15]/td[10]/div[2]/img
Label Element tr[16],//html/body/div/div[2]/div[2]/div/form/div/div[2]/table/tr[16]
Label Element td[1],//html/body/div/div[2]/div[2]/div/form/div/div[2]/table/tr[16]/td[1]
Saurida,//html/body/div/div[2]/div[2]/div/form/div/div[2]/table/tr[16]/td[1]/a
Label Element td[2],//html/body/div/div[2]/div[2]/div/form/div/div[2]/table/tr[16]/td[2]
Alytus,//html/body/div/div[2]/div[2]/div/form/div/div[2]/table/tr[16]/td[2]/a
Label Element td[3],//html/body/div/div[2]/div[2]/div/form/div/div[2]/table/tr[16]/td[3]
Pramonës g. 5,//html/body/div/div[2]/div[2]/div/form/div/div[2]/table/tr[16]/td[3]/a
-,//html/body/div/div[2]/div[2]/div/form/div/div[2]/table/tr[16]/td[4]
1.710,//html/body/div/div[2]/div[2]/div/form/div/div[2]/table/tr[16]/td[5]
1.690,//html/body/div/div[2]/div[2]/div/form/div/div[2]/table/tr[16]/td[6]
1.400,//html/body/div/div[2]/div[2]/div/form/div/div[2]/table/tr[16]/td[7]
-,//html/body/div/div[2]/div[2]/div/form/div/div[2]/table/tr[16]/td[8]
-,//html/body/div/div[2]/div[2]/div/form/div/div[2]/table/tr[16]/td[9]
Label Element td[10],//html/body/div/div[2]/div[2]/div/form/div/div[2]/table/tr[16]/td[10]
Label Element div[1],//html/body/div/div[2]/div[2]/div/form/div/div[2]/table/tr[16]/td[10]/div[1]
alt: Átraukti á savo degaliniø sàraðà,//html/body/div/div[2]/div[2]/div/form/div/div[2]/table/tr[16]/td[10]/div[1]/img
Label Element div[2],//html/body/div/div[2]/div[2]/div/form/div/div[2]/table/tr[16]/td[10]/div[2]
alt: Iðbraukti ið savo degaliniø sàraðo,//html/body/div/div[2]/div[2]/div/form/div/div[2]/table/tr[16]/td[10]/div[2]/img
Label Element tr[17],//html/body/div/div[2]/div[2]/div/form/div/div[2]/table/tr[17]
Label Element td[1],//html/body/div/div[2]/div[2]/div/form/div/div[2]/table/tr[17]/td[1]
Saurida,//html/body/div/div[2]/div[2]/div/form/div/div[2]/table/tr[17]/td[1]/a
Label Element td[2],//html/body/div/div[2]/div[2]/div/form/div/div[2]/table/tr[17]/td[2]
Alytus,//html/body/div/div[2]/div[2]/div/form/div/div[2]/table/tr[17]/td[2]/a
Label Element td[3],//html/body/div/div[2]/div[2]/div/form/div/div[2]/table/tr[17]/td[3]
Miðkininkø g. 7,//html/body/div/div[2]/div[2]/div/form/div/div[2]/table/tr[17]/td[3]/a
-,//html/body/div/div[2]/div[2]/div/form/div/div[2]/table/tr[17]/td[4]
1.710,//html/body/div/div[2]/div[2]/div/form/div/div[2]/table/tr[17]/td[5]
1.690,//html/body/div/div[2]/div[2]/div/form/div/div[2]/table/tr[17]/td[6]
1.400,//html/body/div/div[2]/div[2]/div/form/div/div[2]/table/tr[17]/td[7]
-,//html/body/div/div[2]/div[2]/div/form/div/div[2]/table/tr[17]/td[8]
-,//html/body/div/div[2]/div[2]/div/form/div/div[2]/table/tr[17]/td[9]
Label Element td[10],//html/body/div/div[2]/div[2]/div/form/div/div[2]/table/tr[17]/td[10]
Label Element div[1],//html/body/div/div[2]/div[2]/div/form/div/div[2]/table/tr[17]/td[10]/div[1]
alt: Átraukti á savo degaliniø sàraðà,//html/body/div/div[2]/div[2]/div/form/div/div[2]/table/tr[17]/td[10]/div[1]/img
Label Element div[2],//html/body/div/div[2]/div[2]/div/form/div/div[2]/table/tr[17]/td[10]/div[2]
alt: Iðbraukti ið savo degaliniø sàraðo,//html/body/div/div[2]/div[2]/div/form/div/div[2]/table/tr[17]/td[10]/div[2]/img
Label Element tr[18],//html/body/div/div[2]/div[2]/div/form/div/div[2]/table/tr[18]
Label Element td[1],//html/body/div/div[2]/div[2]/div/form/div/div[2]/table/tr[18]/td[1]
Saurida,//html/body/div/div[2]/div[2]/div/form/div/div[2]/table/tr[18]/td[1]/a
Label Element td[2],//html/body/div/div[2]/div[2]/div/form/div/div[2]/table/tr[18]/td[2]
Kaiðiadorys,//html/body/div/div[2]/div[2]/div/form/div/div[2]/table/tr[18]/td[2]/a
Label Element td[3],//html/body/div/div[2]/div[2]/div/form/div/div[2]/table/tr[18]/td[3]
Rumðiðkës,//html/body/div/div[2]/div[2]/div/form/div/div[2]/table/tr[18]/td[3]/a
-,//html/body/div/div[2]/div[2]/div/form/div/div[2]/table/tr[18]/td[4]
1.700,//html/body/div/div[2]/div[2]/div/form/div/div[2]/table/tr[18]/td[5]
1.700,//html/body/div/div[2]/div[2]/div/form/div/div[2]/table/tr[18]/td[6]
1.410,//html/body/div/div[2]/div[2]/div/form/div/div[2]/table/tr[18]/td[7]
-,//html/body/div/div[2]/div[2]/div/form/div/div[2]/table/tr[18]/td[8]
0.690,//html/body/div/div[2]/div[2]/div/form/div/div[2]/table/tr[18]/td[9]
Label Element td[10],//html/body/div/div[2]/div[2]/div/form/div/div[2]/table/tr[18]/td[10]
Label Element div[1],//html/body/div/div[2]/div[2]/div/form/div/div[2]/table/tr[18]/td[10]/div[1]
alt: Átraukti á savo degaliniø sàraðà,//html/body/div/div[2]/div[2]/div/form/div/div[2]/table/tr[18]/td[10]/div[1]/img
Label Element div[2],//html/body/div/div[2]/div[2]/div/form/div/div[2]/table/tr[18]/td[10]/div[2]
alt: Iðbraukti ið savo degaliniø sàraðo,//html/body/div/div[2]/div[2]/div/form/div/div[2]/table/tr[18]/td[10]/div[2]/img
Label Element tr[19],//html/body/div/div[2]/div[2]/div/form/div/div[2]/table/tr[19]
Label Element td[1],//html/body/div/div[2]/div[2]/div/form/div/div[2]/table/tr[19]/td[1]
Saurida,//html/body/div/div[2]/div[2]/div/form/div/div[2]/table/tr[19]/td[1]/a
Label Element td[2],//html/body/div/div[2]/div[2]/div/form/div/div[2]/table/tr[19]/td[2]
Ukmergë,//html/body/div/div[2]/div[2]/div/form/div/div[2]/table/tr[19]/td[2]/a
Label Element td[3],//html/body/div/div[2]/div[2]/div/form/div/div[2]/table/tr[19]/td[3]
Pageleþiø k.,//html/body/div/div[2]/div[2]/div/form/div/div[2]/table/tr[19]/td[3]/a
-,//html/body/div/div[2]/div[2]/div/form/div/div[2]/table/tr[19]/td[4]
1.730,//html/body/div/div[2]/div[2]/div/form/div/div[2]/table/tr[19]/td[5]
1.710,//html/body/div/div[2]/div[2]/div/form/div/div[2]/table/tr[19]/td[6]
1.420,//html/body/div/div[2]/div[2]/div/form/div/div[2]/table/tr[19]/td[7]
-,//html/body/div/div[2]/div[2]/div/form/div/div[2]/table/tr[19]/td[8]
0.690,//html/body/div/div[2]/div[2]/div/form/div/div[2]/table/tr[19]/td[9]
Label Element td[10],//html/body/div/div[2]/div[2]/div/form/div/div[2]/table/tr[19]/td[10]
Label Element div[1],//html/body/div/div[2]/div[2]/div/form/div/div[2]/table/tr[19]/td[10]/div[1]
alt: Átraukti á savo degaliniø sàraðà,//html/body/div/div[2]/div[2]/div/form/div/div[2]/table/tr[19]/td[10]/div[1]/img
Label Element div[2],//html/body/div/div[2]/div[2]/div/form/div/div[2]/table/tr[19]/td[10]/div[2]
alt: Iðbraukti ið savo degaliniø sàraðo,//html/body/div/div[2]/div[2]/div/form/div/div[2]/table/tr[19]/td[10]/div[2]/img
Label Element tr[20],//html/body/div/div[2]/div[2]/div/form/div/div[2]/table/tr[20]
Label Element td[1],//html/body/div/div[2]/div[2]/div/form/div/div[2]/table/tr[20]/td[1]
Saurida,//html/body/div/div[2]/div[2]/div/form/div/div[2]/table/tr[20]/td[1]/a
Label Element td[2],//html/body/div/div[2]/div[2]/div/form/div/div[2]/table/tr[20]/td[2]
Ðiauliai,//html/body/div/div[2]/div[2]/div/form/div/div[2]/table/tr[20]/td[2]/a
Label Element td[3],//html/body/div/div[2]/div[2]/div/form/div/div[2]/table/tr[20]/td[3]
Pramonës g. 7c,//html/body/div/div[2]/div[2]/div/form/div/div[2]/table/tr[20]/td[3]/a
-,//html/body/div/div[2]/div[2]/div/form/div/div[2]/table/tr[20]/td[4]
1.720,//html/body/div/div[2]/div[2]/div/form/div/div[2]/table/tr[20]/td[5]
1.710,//html/body/div/div[2]/div[2]/div/form/div/div[2]/table/tr[20]/td[6]
-,//html/body/div/div[2]/div[2]/div/form/div/div[2]/table/tr[20]/td[7]
-,//html/body/div/div[2]/div[2]/div/form/div/div[2]/table/tr[20]/td[8]
0.670,//html/body/div/div[2]/div[2]/div/form/div/div[2]/table/tr[20]/td[9]
Label Element td[10],//html/body/div/div[2]/div[2]/div/form/div/div[2]/table/tr[20]/td[10]
Label Element div[1],//html/body/div/div[2]/div[2]/div/form/div/div[2]/table/tr[20]/td[10]/div[1]
alt: Átraukti á savo degaliniø sàraðà,//html/body/div/div[2]/div[2]/div/form/div/div[2]/table/tr[20]/td[10]/div[1]/img
Label Element div[2],//html/body/div/div[2]/div[2]/div/form/div/div[2]/table/tr[20]/td[10]/div[2]
alt: Iðbraukti ið savo degaliniø sàraðo,//html/body/div/div[2]/div[2]/div/form/div/div[2]/table/tr[20]/td[10]/div[2]/img
Label Element tr[21],//html/body/div/div[2]/div[2]/div/form/div/div[2]/table/tr[21]
Label Element td[1],//html/body/div/div[2]/div[2]/div/form/div/div[2]/table/tr[21]/td[1]
Saurida,//html/body/div/div[2]/div[2]/div/form/div/div[2]/table/tr[21]/td[1]/a
Label Element td[2],//html/body/div/div[2]/div[2]/div/form/div/div[2]/table/tr[21]/td[2]
Vilnius,//html/body/div/div[2]/div[2]/div/form/div/div[2]/table/tr[21]/td[2]/a
Label Element td[3],//html/body/div/div[2]/div[2]/div/form/div/div[2]/table/tr[21]/td[3]
Èekoniðkiø km.,//html/body/div/div[2]/div[2]/div/form/div/div[2]/table/tr[21]/td[3]/a
-,//html/body/div/div[2]/div[2]/div/form/div/div[2]/table/tr[21]/td[4]
1.710,//html/body/div/div[2]/div[2]/div/form/div/div[2]/table/tr[21]/td[5]
1.710,//html/body/div/div[2]/div[2]/div/form/div/div[2]/table/tr[21]/td[6]
-,//html/body/div/div[2]/div[2]/div/form/div/div[2]/table/tr[21]/td[7]
-,//html/body/div/div[2]/div[2]/div/form/div/div[2]/table/tr[21]/td[8]
-,//html/body/div/div[2]/div[2]/div/form/div/div[2]/table/tr[21]/td[9]
Label Element td[10],//html/body/div/div[2]/div[2]/div/form/div/div[2]/table/tr[21]/td[10]
Label Element div[1],//html/body/div/div[2]/div[2]/div/form/div/div[2]/table/tr[21]/td[10]/div[1]
alt: Átraukti á savo degaliniø sàraðà,//html/body/div/div[2]/div[2]/div/form/div/div[2]/table/tr[21]/td[10]/div[1]/img
Label Element div[2],//html/body/div/div[2]/div[2]/div/form/div/div[2]/table/tr[21]/td[10]/div[2]
alt: Iðbraukti ið savo degaliniø sàraðo,//html/body/div/div[2]/div[2]/div/form/div/div[2]/table/tr[21]/td[10]/div[2]/img
Empty Label Element div[2],//html/body/div/div[2]/div[2]/div/form/div/div[2]/div[2]
Label Element div[3],//html/body/div/div[2]/div[2]/div/form/div/div[2]/div[3]
Label Element ul,//html/body/div/div[2]/div[2]/div/form/div/div[2]/div[3]/ul
Label Element li[1],//html/body/div/div[2]/div[2]/div/form/div/div[2]/div[3]/ul/li[1]
1,//html/body/div/div[2]/div[2]/div/form/div/div[2]/div[3]/ul/li[1]/a
Label Element li[2],//html/body/div/div[2]/div[2]/div/form/div/div[2]/div[3]/ul/li[2]
2,//html/body/div/div[2]/div[2]/div/form/div/div[2]/div[3]/ul/li[2]/a
Label Element li[3],//html/body/div/div[2]/div[2]/div/form/div/div[2]/div[3]/ul/li[3]
Kitas,//html/body/div/div[2]/div[2]/div/form/div/div[2]/div[3]/ul/li[3]/a
Empty Label Element div[3],//html/body/div/div[2]/div[2]/div/form/div/div[3]
Kainø pokyèiai bei statistika:,//html/body/div/div[2]/div[2]/div/form/div/div[3]/strong
Label Element br[1],//html/body/div/div[2]/div[2]/div/form/div/div[3]/br[1]
A95 benzino kainos,//html/body/div/div[2]/div[2]/div/form/div/div[3]/a[1]
A98 benzino kainos,//html/body/div/div[2]/div[2]/div/form/div/div[3]/a[2]
Label Element br[2],//html/body/div/div[2]/div[2]/div/form/div/div[3]/br[2]
Dyzelino kainos,//html/body/div/div[2]/div[2]/div/form/div/div[3]/a[3]
Label Element br[3],//html/body/div/div[2]/div[2]/div/form/div/div[3]/br[3]
Bioetanolio E85 kainos,//html/body/div/div[2]/div[2]/div/form/div/div[3]/a[4]
Label Element br[4],//html/body/div/div[2]/div[2]/div/form/div/div[3]/br[4]
Dujø kainos,//html/body/div/div[2]/div[2]/div/form/div/div[3]/a[5]
Label Element br[5],//html/body/div/div[2]/div[2]/div/form/div/div[3]/br[5]
Empty Label Element div[4],//html/body/div/div[2]/div[2]/div/form/div/div[4]
Label Element div[5],//html/body/div/div[2]/div[2]/div/form/div/div[5]
Empty Label Element div[6],//html/body/div/div[2]/div[2]/div/form/div/div[6]
Label Element br[1],//html/body/div/div[2]/div[2]/div/form/div/div[6]/br[1]
Label Element br[2],//html/body/div/div[2]/div[2]/div/form/div/div[6]/br[2]
Label Element br[3],//html/body/div/div[2]/div[2]/div/form/div/div[6]/br[3]
Label Element br[4],//html/body/div/div[2]/div[2]/div/form/div/div[6]/br[4]
Label Element div[3],//html/body/div/div[2]/div[3]
Empty Label Element div[3],//html/body/div/div[3]
Empty Label Element div[4],//html/body/div/div[4]
Empty Label Element div[1],//html/body/div/div[4]/div[1]
Label Element p,//html/body/div/div[4]/div[1]/p
Empty Label Element div[2],//html/body/div/div[4]/div[2]
© ,//html/body/div/div[4]/div[2]/p[1]
degalukainos.lt,//html/body/div/div[4]/div[2]/p[1]/b
Label Element p[2],//html/body/div/div[4]/div[2]/p[2]
Class name: contacts_white,//html/body/div/div[4]/div[2]/p[2]/span
Label Element div[3],//html/body/div/div[4]/div[3]
